beat,time
1,1.242
2,1.846
3,2.450
4,3.053
5,3.657
6,4.261
7,4.865
8,5.468
9,6.072
10,6.676
11,7.279
12,7.883
13,8.475
14,9.067
15,9.660
16,10.252
17,10.844
18,11.447
19,12.051
20,12.655
21,13.259
22,13.862
23,14.466
24,15.070
25,15.662
26,16.254
27,16.846
28,17.438
29,18.042
30,18.646
31,19.249
32,19.841
33,20.434
34,21.060
35,21.664
36,22.407
37,23.011
38,23.615
39,24.358
40,24.973
41,25.554
42,26.134
43,26.749
44,27.214
45,27.806
46,28.259
47,28.862
48,29.443
49,30.035
50,30.650
51,31.254
52,31.858
53,32.450
54,33.054
55,33.657
56,34.249
57,34.830
58,35.445
59,36.049
60,36.653
61,37.233
62,37.849
63,38.452
64,39.044
65,39.648
66,40.252
67,40.844
68,41.424
69,42.040
70,42.643
71,43.247
72,43.851
73,44.443
74,45.047
75,45.650
76,46.243
77,46.835
78,47.438
79,48.042
80,48.646
81,49.250
82,49.842
83,50.445
84,51.049
85,51.641
86,52.245
87,52.849
88,53.441
89,54.044
90,54.648
91,55.252
92,55.844
93,56.436
94,57.040
95,57.644
96,58.247
97,58.839
98,59.455
99,60.047
100,60.651
101,61.243
102,61.846
103,62.450
104,63.054
105,63.646
106,64.250
107,64.842
108,65.445
109,66.038
110,66.641
111,67.245
112,67.849
113,68.441
114,69.045
115,69.648
116,70.252
117,70.844
118,71.448
119,72.052
120,72.644
121,73.236
122,73.851
123,74.443
124,75.047
125,75.639
126,76.243
127,76.846
128,77.450
129,78.042
130,78.646
131,79.250
132,79.842
133,80.446
134,81.049
135,81.641
136,82.233
