time,beat,onset,energy
1.242,1,1,0.288
1.846,1,0,0.183
2.450,1,0,0.207
3.053,1,0,0.140
3.657,1,0,0.091
4.261,1,0,0.083
4.865,1,0,0.160
5.468,1,0,0.177
6.060,1,1,0.196
6.676,1,0,0.074
7.279,1,0,0.269
7.883,1,0,0.241
8.475,1,0,0.024
9.067,1,0,0.112
9.660,1,0,0.253
10.252,1,0,0.279
10.844,1,1,0.389
11.447,1,0,0.192
12.051,1,0,0.397
12.655,1,0,0.288
13.259,1,0,0.086
13.410,0,1,0.301
13.862,1,0,0.139
14.002,0,1,0.297
14.466,1,1,0.274
14.756,0,1,0.300
15.070,1,0,0.206
15.650,1,1,0.089
15.813,0,1,0.248
16.254,1,0,0.153
16.405,0,1,0.341
16.846,1,1,0.210
17.160,0,1,0.257
17.438,1,0,0.303
18.042,1,0,0.037
18.204,0,1,0.291
18.646,1,0,0.141
18.808,0,1,0.347
19.249,1,1,0.226
19.551,0,1,0.308
19.841,1,0,0.288
20.434,1,1,0.481
21.049,1,1,0.725
21.211,0,1,0.749
21.502,0,1,0.694
21.653,1,1,0.867
21.954,0,1,0.644
22.105,0,1,0.729
22.396,1,1,0.513
22.999,1,1,0.469
23.150,0,1,0.528
23.301,0,1,0.471
23.452,0,1,0.385
23.603,1,1,0.220
23.893,0,1,0.216
24.056,0,1,0.280
24.346,1,1,0.206
24.509,0,1,0.205
24.973,1,0,0.130
25.240,0,1,0.510
25.554,1,1,0.626
25.855,0,1,0.646
26.006,0,1,0.571
26.134,1,0,0.585
26.297,0,1,0.536
26.749,1,1,0.568
26.912,0,1,0.742
27.202,1,1,0.399
27.806,1,1,0.315
27.957,0,1,0.335
28.108,0,1,0.373
28.247,1,1,0.267
28.410,0,1,0.245
28.700,0,1,0.189
28.851,1,1,0.289
29.153,0,1,0.234
29.304,0,1,0.247
29.443,1,0,0.278
30.035,1,1,0.456
30.337,0,1,0.697
30.639,1,1,0.655
30.801,0,1,0.509
31.092,0,1,0.651
31.254,1,1,0.792
31.544,0,1,0.558
31.707,0,1,0.675
31.846,1,1,0.438
31.997,0,1,0.389
32.160,0,1,0.318
32.450,1,1,0.323
32.601,0,1,0.472
32.740,0,1,0.372
32.903,0,1,0.342
33.042,1,1,0.420
33.205,0,1,0.328
33.495,0,1,0.259
33.646,1,1,0.399
33.948,0,1,0.337
34.099,0,1,0.402
34.249,1,1,0.414
34.830,1,1,0.472
35.143,0,1,0.549
35.445,1,1,0.688
35.898,0,1,0.573
36.049,1,1,0.692
36.351,0,1,0.778
36.513,0,1,0.660
36.641,1,1,0.672
36.804,0,1,0.419
37.233,1,1,0.540
37.547,0,1,0.479
37.849,1,1,0.480
38.150,0,1,0.429
38.301,0,1,0.351
38.441,1,1,0.571
38.603,0,1,0.335
38.742,0,1,0.373
38.905,0,1,0.474
39.044,1,1,0.468
39.207,0,1,0.492
39.346,0,1,0.313
39.497,0,1,0.285
39.636,1,1,0.328
40.252,1,0,0.344
40.844,1,0,0.241
41.424,1,0,0.192
42.040,1,0,0.454
42.342,0,1,0.674
42.643,1,1,0.597
42.806,0,1,0.445
43.096,0,1,0.545
43.236,1,1,0.730
43.537,0,1,0.705
43.700,0,1,0.590
43.839,1,1,0.421
44.002,0,1,0.547
44.130,0,1,0.575
44.443,1,1,0.426
44.594,0,1,0.364
44.733,0,1,0.309
44.896,0,1,0.499
45.035,1,1,0.449
45.337,0,1,0.388
45.488,0,1,0.434
45.639,1,1,0.479
45.941,0,1,0.326
46.103,0,1,0.473
46.231,1,1,0.565
46.405,0,1,0.418
46.533,0,1,0.215
46.835,1,1,0.456
47.009,0,1,0.793
47.137,0,1,0.706
47.299,0,1,0.593
47.438,1,1,0.651
47.601,0,1,0.564
47.740,0,1,0.767
47.891,0,1,0.756
48.042,1,1,0.670
48.332,0,1,0.672
48.495,0,1,0.897
48.634,1,1,0.674
48.797,0,1,0.532
48.936,0,1,0.556
49.099,0,1,0.512
49.238,1,1,0.355
49.400,0,1,0.341
49.540,0,1,0.494
49.702,0,1,0.534
49.842,1,1,0.527
50.004,0,1,0.480
50.132,0,1,0.345
50.294,0,1,0.430
50.445,1,1,0.474
50.596,0,1,0.389
50.736,0,1,0.443
50.898,0,1,0.540
51.037,1,1,0.499
51.200,0,1,0.322
51.339,0,1,0.171
51.630,1,1,0.517
51.943,0,1,0.612
52.245,1,1,0.554
52.698,0,1,0.570
52.837,1,1,0.691
53.139,0,1,0.673
53.301,0,1,0.708
53.441,1,1,0.465
53.603,0,1,0.469
53.743,0,1,0.444
54.044,1,1,0.414
54.195,0,1,0.466
54.335,0,1,0.472
54.497,0,1,0.411
54.637,1,1,0.363
54.799,0,1,0.432
54.938,0,1,0.392
55.101,0,1,0.353
55.240,1,1,0.494
55.542,0,1,0.459
55.693,0,1,0.518
55.832,1,1,0.528
55.995,0,1,0.378
56.134,0,1,0.218
56.436,1,1,0.524
56.738,0,1,0.753
57.040,1,1,0.693
57.202,0,1,0.583
57.342,0,1,0.446
57.493,0,1,0.617
57.644,1,1,0.661
57.945,0,1,0.554
58.096,0,1,0.663
58.236,1,1,0.387
58.398,0,1,0.454
58.538,0,1,0.353
58.839,1,1,0.559
59.002,0,1,0.545
59.141,0,1,0.579
59.304,0,1,0.556
59.443,1,1,0.478
59.745,0,1,0.365
59.896,0,1,0.454
60.047,1,1,0.549
60.349,0,1,0.500
60.500,0,1,0.544
60.651,1,1,0.598
60.801,0,1,0.422
60.952,0,1,0.403
61.243,1,1,0.527
61.405,0,1,0.816
61.544,0,1,0.647
61.846,1,1,0.683
62.299,0,1,0.633
62.438,1,1,0.677
62.740,0,1,0.598
63.042,1,1,0.569
63.205,0,1,0.626
63.634,1,1,0.279
63.797,0,1,0.532
63.936,0,1,0.600
64.238,1,1,0.417
64.691,0,1,0.437
64.842,1,1,0.473
65.144,0,1,0.403
65.306,0,1,0.385
65.445,1,1,0.419
65.596,0,1,0.493
66.038,1,1,0.508
66.200,0,1,0.512
66.339,0,1,0.436
66.641,1,1,0.446
67.094,0,1,0.467
67.245,1,1,0.582
67.547,0,1,0.436
67.698,0,1,0.434
67.837,1,1,0.505
68.000,0,1,0.385
68.441,1,1,0.273
68.603,0,1,0.485
68.743,0,1,0.430
69.045,1,1,0.366
69.497,0,1,0.428
69.637,1,1,0.500
69.939,0,1,0.322
70.101,0,1,0.387
70.240,1,1,0.466
70.844,1,1,0.525
71.146,0,1,0.556
71.436,1,1,0.676
71.901,0,1,0.562
72.040,1,1,0.782
72.342,0,1,0.684
72.504,0,1,0.832
72.644,1,1,0.707
72.795,0,1,0.486
73.236,1,1,0.488
73.398,0,1,0.585
73.538,0,1,0.506
73.839,1,1,0.462
74.292,0,1,0.457
74.443,1,1,0.524
74.745,0,1,0.396
74.908,0,1,0.386
75.035,1,1,0.482
75.198,0,1,0.462
75.639,1,1,0.529
75.802,0,1,0.542
75.941,0,1,0.512
76.243,1,1,0.483
76.405,0,1,0.573
76.696,0,1,0.451
76.846,1,1,0.736
77.148,0,1,0.495
77.439,1,1,0.476
78.042,1,1,0.545
78.205,0,1,0.497
78.344,0,1,0.462
78.634,1,1,0.352
78.797,0,1,0.416
78.948,0,1,0.516
79.238,1,1,0.406
79.401,0,1,0.343
79.552,0,1,0.462
79.842,1,1,0.506
80.144,0,1,0.302
80.295,0,1,0.317
80.446,1,1,0.337
81.049,1,0,0.028
81.641,1,0,0.006
82.233,1,0,0.003
82.837,0,1,0.353
86.007,0,1,0.266
86.460,0,1,0.262
86.750,0,1,0.251
86.912,0,1,0.365
87.644,0,1,0.292
